总有效参与人数,69
总锁仓金额,145707.682
地址,上级,入金,邀请码,直推,网体,网体金额
0x451cD3eFB91d73Cdb1724547dB3bcd6be7bd1765,0,0,0,2,69,145607.682
0xc9fcC45757c5F6ecCb6188c2F2DaD3345E4161a4,0x451cD3eFB91d73Cdb1724547dB3bcd6be7bd1765,1000,41,0,0,0
0x421FC9aE523dbb9D171306b0916BE01BeE892553,0x451cD3eFB91d73Cdb1724547dB3bcd6be7bd1765,10000,125,8,67,134607.682
0x05c675AB1E5E2edBD36CCd4fF61BB440183FEe42,0x421FC9aE523dbb9D171306b0916BE01BeE892553,5000,196,6,9,5417
0x7E90574A76f1213c1cC0554a4dC3a9F904ee1Be7,0x05c675AB1E5E2edBD36CCd4fF61BB440183FEe42,517,350,0,0,0
0x1Ea2CE06791feBf93e58c1C753A8c728133eA211,0x05c675AB1E5E2edBD36CCd4fF61BB440183FEe42,500,414,1,3,1500
0x9637ceD86EDe1c0dB07ea38760F47c7a9582c33c,0x1Ea2CE06791feBf93e58c1C753A8c728133eA211,500,2862,2,2,1000
0xf6B93F3F17fF41299432a7E7120F87032b7FcDCC,0x9637ceD86EDe1c0dB07ea38760F47c7a9582c33c,500,3203,0,0,0
0x99e7141E155968a28c7f01FB8Cbb0FB0D2F3202A,0x9637ceD86EDe1c0dB07ea38760F47c7a9582c33c,500,3912,0,0,0
0x47d9A7c0E4FF148DFd62e3CbE10B7db43fD31dbA,0x05c675AB1E5E2edBD36CCd4fF61BB440183FEe42,1200,419,0,0,0
0x3Cad07B55A18AAe4B99f610Da1C431147d38550B,0x05c675AB1E5E2edBD36CCd4fF61BB440183FEe42,100,515,0,0,0
0x25D38490524D194359D8588B96C3Efe359F12b2B,0x05c675AB1E5E2edBD36CCd4fF61BB440183FEe42,0,2056,0,0,0
0xC4C0B758CAA0463d31B0BCf584A6Dc67B393B559,0x05c675AB1E5E2edBD36CCd4fF61BB440183FEe42,1600,3788,0,0,0
0xd3437FF6aAE773d500aa7fB8A60E158621172A6b,0x421FC9aE523dbb9D171306b0916BE01BeE892553,3650,239,0,0,0
0x4DC84d17A549fFBc4d567B27815a2c7bb2eBa91b,0x421FC9aE523dbb9D171306b0916BE01BeE892553,5000,272,1,13,24086.142
0x87ecCb40E053E9c7E402FB72DC1156C451A217C2,0x4DC84d17A549fFBc4d567B27815a2c7bb2eBa91b,5000,517,9,12,19086.142
0xC78BF647A7000D26219932587c98D09b7185F28b,0x87ecCb40E053E9c7E402FB72DC1156C451A217C2,3751,763,0,0,0
0x028F3E27036a536beE35fbc31A7A5249b0e2b556,0x87ecCb40E053E9c7E402FB72DC1156C451A217C2,0,842,0,0,0
0x063ceC84a81760465227608439301C78f086C483,0x87ecCb40E053E9c7E402FB72DC1156C451A217C2,3400,960,3,1,810
0x3551c688613331862408A361e0D3E3F14969221A,0x063ceC84a81760465227608439301C78f086C483,0,3213,0,0,0
0x3c4Fff683f140F92F1694C838D45614FB5F0363f,0x063ceC84a81760465227608439301C78f086C483,810,3535,0,0,0
0xD9A474FB80885aE0b6742d1861bCcEC4ae23CF24,0x063ceC84a81760465227608439301C78f086C483,100,3734,0,0,0
0x3921149eE3a1aAe7fc2c831d09da89914315Be0D,0x87ecCb40E053E9c7E402FB72DC1156C451A217C2,1000,1087,3,4,2836.142
0x1bB82cF46B98e91198642D6F8310864c5Be81303,0x3921149eE3a1aAe7fc2c831d09da89914315Be0D,522.142,1604,0,0,0
0x5D01daB0981f221F484278Bf7D8281aF31f13C35,0x3921149eE3a1aAe7fc2c831d09da89914315Be0D,490,2050,1,1,500
0xa48fCC75EaE6F17cDc57D49b434595C48c0a7bEC,0x5D01daB0981f221F484278Bf7D8281aF31f13C35,500,2872,0,0,0
0x85Faa27c5b39e975ab2DcE014C5D2334d5d4302F,0x3921149eE3a1aAe7fc2c831d09da89914315Be0D,1324,2296,0,0,0
0x76d52DA5e880bd13ba52052dea3db82A34AEa0A1,0x87ecCb40E053E9c7E402FB72DC1156C451A217C2,989,1487,0,0,0
0xc3F1E3ca83d9587151B5e5e94691cD0b8b0Ed41B,0x87ecCb40E053E9c7E402FB72DC1156C451A217C2,0,1930,0,0,0
0x4838b7Cd14f51AA3313bbB2AF91dC7dfFa7e3d7C,0x87ecCb40E053E9c7E402FB72DC1156C451A217C2,3000,2562,0,0,0
0xD24A3a12A9AFdd5678Ed88000bAc80b429bc7ff1,0x87ecCb40E053E9c7E402FB72DC1156C451A217C2,3000,2593,0,0,0
0xc9EAC064BB636Ef529E8E162b3b6f15ba5f22387,0x87ecCb40E053E9c7E402FB72DC1156C451A217C2,300,3260,0,0,0
0x0B230E8077D3069a15a6836e0736884DfcF1ED9B,0x421FC9aE523dbb9D171306b0916BE01BeE892553,0,274,1,7,7129
0x80b8283fC4f20A7eC835cf074fb21FB59D2aC1A4,0x0B230E8077D3069a15a6836e0736884DfcF1ED9B,0,324,5,7,7129
0x1E10AF91De96579A5a74D8AC3837E2B497e10a7D,0x80b8283fC4f20A7eC835cf074fb21FB59D2aC1A4,0,606,0,0,0
0x6587B01b62425D542D9B1bc6778b3c711639d307,0x80b8283fC4f20A7eC835cf074fb21FB59D2aC1A4,0,658,3,5,4579
0xE7d2788753682102fba92dDf2FAfC154AF4C0D01,0x6587B01b62425D542D9B1bc6778b3c711639d307,500,1917,0,0,0
0xb3fA5C9064329A36e1Bf3D1c6B9681199d001914,0x6587B01b62425D542D9B1bc6778b3c711639d307,2346,1980,2,2,833
0xaa95f70C4036B8B5EC28387fA1c6FC4E070e393C,0xb3fA5C9064329A36e1Bf3D1c6B9681199d001914,733,2810,0,0,0
0xE253E1E05ae491d8E7141c0233B39612aF73aaF1,0xb3fA5C9064329A36e1Bf3D1c6B9681199d001914,100,3154,0,0,0
0x05D716498C99B4538dAB308684EEeEC67D43a6eB,0x6587B01b62425D542D9B1bc6778b3c711639d307,900,3230,0,0,0
0x43a9BDCD01169D5E3b27ccBD09bE2b494Ee62c64,0x80b8283fC4f20A7eC835cf074fb21FB59D2aC1A4,0,996,0,0,0
0xC0CbA173eE0A5014B0639c95bD0CB457C5652848,0x80b8283fC4f20A7eC835cf074fb21FB59D2aC1A4,2000,2134,0,0,0
0xee4EC90A09285A7633779302991e22281b2a7B79,0x80b8283fC4f20A7eC835cf074fb21FB59D2aC1A4,550,2898,0,0,0
0xf7Ed6914d9AA2b31a0009c66CbF98818aED4d700,0x421FC9aE523dbb9D171306b0916BE01BeE892553,1000,736,7,15,37960.81
0x10E5fDFc4f07b9747A99AA2aA0E154011c84A9c2,0xf7Ed6914d9AA2b31a0009c66CbF98818aED4d700,3000,1106,5,10,20874.81
0x64862A786E0B2048ba1594aF88e0870A38e5375a,0x10E5fDFc4f07b9747A99AA2aA0E154011c84A9c2,3542.81,1312,4,4,1898
0x03aB45987869C9B38edD37756f9bF7feaa6E068A,0x64862A786E0B2048ba1594aF88e0870A38e5375a,516,1394,0,0,0
0x99a922Cb98C7c601A3c57438F1E2dbA391Ad2d0c,0x64862A786E0B2048ba1594aF88e0870A38e5375a,500,1652,0,0,0
0x9C22AB0D9A474B0a6a039480A38e0A25957305CB,0x64862A786E0B2048ba1594aF88e0870A38e5375a,500,1775,0,0,0
0x78936836AE3dB6e968670BBAa0619ECdD8a3cf50,0x64862A786E0B2048ba1594aF88e0870A38e5375a,382,1924,0,0,0
0xDA784011bce886eE0B4516B85e731e844648Dfb6,0x10E5fDFc4f07b9747A99AA2aA0E154011c84A9c2,6000,1397,2,2,7400
0x6Cb4A90E04Bb305de2130B9a04F3B8fde388dA93,0xDA784011bce886eE0B4516B85e731e844648Dfb6,5800,1726,0,0,0
0x70F6cd748fe36FE392FF2CfAA68B88e81CB70dA8,0xDA784011bce886eE0B4516B85e731e844648Dfb6,1600,1811,0,0,0
0xD30dFBa9c17C00b8263D813446D7C096239aE918,0x10E5fDFc4f07b9747A99AA2aA0E154011c84A9c2,0,1507,0,0,0
0xcC5Db39cC25dE1533f5187867fa3Fcf0124BB84e,0x10E5fDFc4f07b9747A99AA2aA0E154011c84A9c2,1400,2949,0,0,0
0xc561DDad555F2D4590c6C234aa8eaD077557E861,0x10E5fDFc4f07b9747A99AA2aA0E154011c84A9c2,634,3708,0,0,0
0xD9D41D0A74350d6B8eaC5452c1437685feB676F7,0xf7Ed6914d9AA2b31a0009c66CbF98818aED4d700,1000,1134,1,1,4223
0xF178a5d6670AD5812665446E4E4B792c8ede5ef1,0xD9D41D0A74350d6B8eaC5452c1437685feB676F7,4223,2666,0,0,0
0x2e85bE0394D0334C9456b77298bCc3905079e376,0xf7Ed6914d9AA2b31a0009c66CbF98818aED4d700,0,1261,0,0,0
0x57317d5D88B104979E46eb67dc060ce0C0094E81,0xf7Ed6914d9AA2b31a0009c66CbF98818aED4d700,5863,1443,0,0,0
0x3075A1e4929F460EF332e1b564a05c3fCa6DC3E2,0xf7Ed6914d9AA2b31a0009c66CbF98818aED4d700,0,3032,0,0,0
0x8876a4DAC78636fb4D409e42E102261f4c3158e2,0xf7Ed6914d9AA2b31a0009c66CbF98818aED4d700,3000,3076,0,0,0
0x7ad266FeE40b771Ea2cdf24422f0036d2B90BB6E,0xf7Ed6914d9AA2b31a0009c66CbF98818aED4d700,0,3530,0,0,0
0x8c6d5Aa16d6F592Ae4B1244A7Ce903d311e27b5F,0x421FC9aE523dbb9D171306b0916BE01BeE892553,5000,776,7,15,31664.73
0x57a3Ebac08d04737e1C5F16d29C65805fB270C03,0x8c6d5Aa16d6F592Ae4B1244A7Ce903d311e27b5F,5010,852,1,5,18082
0xc8a56d78d8896FA7Fd9AF335fF880F846c087476,0x57a3Ebac08d04737e1C5F16d29C65805fB270C03,5000,2736,3,4,13082
0x5B46fb7516FCE784238727DC77e8a2425f1B4D10,0xc8a56d78d8896FA7Fd9AF335fF880F846c087476,4000,3125,1,2,5082
0x217Cbc28Bb6ed05ce0219Df01f425A4041E5EFF7,0x5B46fb7516FCE784238727DC77e8a2425f1B4D10,2582,3444,1,1,2500
0x403554BF9A4E79976A2BD76fC27A2881c8807126,0x217Cbc28Bb6ed05ce0219Df01f425A4041E5EFF7,2500,3500,0,0,0
0x4dF4Eb3077492d91BCbE84691124C499e001323F,0xc8a56d78d8896FA7Fd9AF335fF880F846c087476,4000,3371,0,0,0
0x725D762EDC547db05A615D7556A575C14Fd707bC,0xc8a56d78d8896FA7Fd9AF335fF880F846c087476,0,3829,0,0,0
0x582d90F3B99499CddABc5cBE2Fe28738619aa424,0x8c6d5Aa16d6F592Ae4B1244A7Ce903d311e27b5F,500,918,0,0,0
0x47F372581e0ee9a3d9D16124D61162a7975C02f4,0x8c6d5Aa16d6F592Ae4B1244A7Ce903d311e27b5F,0,2220,2,2,1618
0xFED4eE516D5D4a138421a1f0CA5A4547795688C9,0x47F372581e0ee9a3d9D16124D61162a7975C02f4,500,2375,0,0,0
0x6dBdbD41b107be0F1461B13A66528EA9659e9273,0x47F372581e0ee9a3d9D16124D61162a7975C02f4,1118,3349,0,0,0
0x19e002620cC925FEa3CaDa64d52f57CC1840Aa78,0x8c6d5Aa16d6F592Ae4B1244A7Ce903d311e27b5F,1691.03,2444,1,2,3332.96
0x1449CA60bBd25e3afe954F744A2ce94c20D3395C,0x19e002620cC925FEa3CaDa64d52f57CC1840Aa78,1666.56,2619,1,1,1666.4
0x8CfA3D09d2E15fDb098e73eF5d81f74605E8809B,0x1449CA60bBd25e3afe954F744A2ce94c20D3395C,1666.4,2641,0,0,0
0x3a93a41C3ae096E5DD533BcFfa7330d8CB1A3e81,0x8c6d5Aa16d6F592Ae4B1244A7Ce903d311e27b5F,768.74,2485,0,0,0
0xEDa670FA949e9F9Fe70045a5E58AE56D7247B40c,0x8c6d5Aa16d6F592Ae4B1244A7Ce903d311e27b5F,200,2760,0,0,0
0x7384f59A83bF0A7fd5ABf26E0ebbB55aE207d065,0x8c6d5Aa16d6F592Ae4B1244A7Ce903d311e27b5F,462,3618,0,0,0
0x801972fc05A8766ECC141303a5A0b81984cDF705,0x421FC9aE523dbb9D171306b0916BE01BeE892553,3000,1166,1,1,700
0x6A1987EE78372b21767cE0F5Ce5519a6589Ae560,0x801972fc05A8766ECC141303a5A0b81984cDF705,700,1493,0,0,0
0x3197dA797FE4440aF4e0086a4aD7A42a1eFd3871,0x421FC9aE523dbb9D171306b0916BE01BeE892553,0,1860,1,1,5000
